"0","# Predict on new test data (if available)"
"0","new_test_data <- test_data  # Replace with your actual test dataset"
"0","new_predictions_rf <- predict(population_model_rf, newdata = new_test_data)"
"0","new_predictions_rf"
"1","         1 "
"1","         2 "
"1","         3 "
"1","         4 "
"1","         5 "
"1","         6 "
"1","         7 "
"1","
"
"1"," 50.429467 "
"1","100.835267 "
"1"," 18.076133 "
"1","  9.473067 "
"1"," 14.071233 "
"1"," 27.163500 "
"1"," 32.600533 "
"1","
"
"1","         8 "
"1","         9 "
"1","        10 "
"1","        11 "
"1","        12 "
"1","        13 "
"1","        14 "
"1","
"
"1"," 13.792700 "
"1"," 10.551000 "
"1"," 11.637800 "
"1"," 53.445533 "
"1"," 17.211933 "
"1"," 11.654933 "
"1","  5.701500 "
"1","
"
"1","        15 "
"1","        16 "
"1","        17 "
"1","        18 "
"1","        19 "
"1","        20 "
"1","        21 "
"1","
"
"1"," 10.552033 "
"1"," 36.144500 "
"1","  6.691233 "
"1"," 16.880633 "
"1","  8.316800 "
"1"," 21.468600 "
"1","  8.247733 "
"1","
"
"1","        22 "
"1","        23 "
"1","        24 "
"1","        25 "
"1","        26 "
"1","        27 "
"1","        28 "
"1","
"
"1"," 26.769500 "
"1"," 57.842400 "
"1"," 28.829800 "
"1"," 67.616433 "
"1"," 11.557167 "
"1"," 53.099867 "
"1"," 14.659667 "
"1","
"
"1","        29 "
"1","        30 "
"1","
"
"1"," 30.324800 "
"1"," 26.964700 "
"1","
"
